,g_pas,gnabar_hh2,gkbar_hh2,gkbar_im
0,0.00019999997,0.09999996,0.006786044,0.00013960044
