,g_pas,gnabar_hh2,gkbar_hh2,gkbar_im
0,1.499998e-05,0.09,0.0082440935,0.00019916531
