,g_pas,gnabar_hh2,gkbar_hh2,gkbar_im,gcabar_it
0,1.4999914e-05,0.080455236,0.008984366,0.00019995702,0.01
