{
  "learned_params": {
    "gbar_na": 0.12551739811897278,
    "gbar_kdr": 0.14109697937965393
  },
  "target_params": {
    "gbar_na": 0.25,
    "gbar_kdr": 0.05
  },
  "difference": {
    "gbar_na": -0.12448260188102722,
    "gbar_kdr": 0.09109697937965393
  },
  "difference_percent": {
    "gbar_na": -49.79,
    "gbar_kdr": 182.19
  }
}