{
  "learned_params": {
    "gbar_na": 0.14570827782154083,
    "gbar_kdr": 0.14811769127845764
  },
  "target_params": {
    "gbar_na": 0.25,
    "gbar_kdr": 0.05
  },
  "difference": {
    "gbar_na": -0.10429172217845917,
    "gbar_kdr": 0.09811769127845764
  },
  "difference_percent": {
    "gbar_na": -41.72,
    "gbar_kdr": 196.24
  }
}