amp,mse,corr
0.0,8.031066727198777e-07,0.9999975562095642
0.5,1050.3277587890625,0.2694234848022461
1.0,1113.1849365234375,0.3271596133708954
1.5,1125.8623046875,0.3679662346839905
2,919.55517578125,0.49271437525749207
