,g_pas,gnabar_hh2,gkbar_hh2,gkbar_im,gcabar_it
0,1.3025294e-05,0.09999999,0.01,5.9975435e-05,0.0005746005
