,g_pas,gnabar_hh2,gkbar_hh2,gkbar_im,gcabar_it
0,5.9567856e-06,0.099871956,0.0070732147,5.692494e-05,0.0011456432
