,g_pas,gnabar_hh2,gkbar_hh2,gkbar_im
0,0.00019999726,0.04348115,0.009988364,0.00013994717
